<?xml version="1.0" encoding="UTF-8"?>
<!DOCTYPE suite SYSTEM "http://testng.org/testng-1.0.dtd">
<suite name="All Test Suite">
    <test verbose="2" preserve-order="true" name="C:/Users/Mohd Sulaiman/Desktop/CRAMAutomationFrameworkinJAava">
        <classes>
            <!--<class name="TestPages.Logintest">
                <methods>
                    <include name="verifyLoginWithValidCredentials"/>
                </methods>
            </class>-->

            <class name="TestPages.DashboardPageTest">
                <methods>
                    <include name="logoutdashboardscreen"/>
                </methods>
            </class>
        </classes>
    </test>
</suite>